{
  "marketing_stripe": {
    "text": "",
    "link": ""
  },
  "contacts_stripe": {
    "pages": [
      {
        "title": "Seja uma Revendedora. Faça seu cadastro aqui",
        "link": "/pages/revendedor"
      }
    ],
    "phone_wpp": true,
    "socials": true
  },
  "categories_list": {
    "featured": [
      "/tata-martello?TATA MARTELLO",
      "/tata-martello?TATA MARTELLO",
      "/kauly?KAULY"
    ],
    "random": 5,
    "full_width": false
  },
  "search_input": true,
  "centralized_logo": true
}