{
  "meta_title": "",
  "meta_description": "",
  "sections": [
    {
      "type": "banner-slider",
      "autoplay": 2000,
      "slides": [
        {
          "start": "2023-06-01T11:59:12.715Z",
          "end": "",
          "mobile_img": "/img/uploads/site-4_easy-resize.com-1-.jpg",
          "img": "/img/uploads/sintonia-3.jpg",
          "link": "https://cristianeresende.com.br/colecao-sintonia"
        },
        {
          "start": "",
          "end": "",
          "img": "/img/uploads/sintonia-4.jpg",
          "link": "https://cristianeresende.com.br/linha-angel",
          "mobile_img": "/img/uploads/sintonia-2.jpg"
        }
      ],
      "full_width": true
    },
    {
      "type": "banners-grid",
      "banners": [
        {
          "img": "/img/uploads/sintonia-6_easy-resize.com.jpg",
          "alt": "Vestidos Fluídos",
          "link": "https://cristianeresende.com.br/vestidos-fluidos"
        },
        {
          "img": "/img/uploads/sintonia-7_easy-resize.com.jpg",
          "alt": "Vestidos Justos",
          "link": "https://cristianeresende.com.br/vestidos-justos",
          "mobile_img": ""
        },
        {
          "img": "/img/uploads/sintonia-5_easy-resize.com.jpg",
          "alt": "Todos os Vestidos",
          "link": "https://cristianeresende.com.br/todos-os-vestidos"
        }
      ]
    },
    {
      "type": "info-bar",
      "enabled": false
    },
    {
      "type": "collection-shelf",
      "shuffle": false,
      "title": "LANÇAMENTOS DO MÊS",
      "sort": "news"
    }
  ]
}